TICKER,SETOR,COTACAO_FECHAMENTO,VALOR,LIQUIDEZMEDIADIARIA,PVP,YELD,MEDIA_YIELD_12M,SOMA_YIELD_ANO_CORRENTE,RENTABILIDADE,NUMERO_COTISTA,TX_GESTAO,PATRIMONIO_LIQUIDO
AAGR11,Outros,96.1400,99,5250.61,0,1.2100,1.2625,5.2300,10.0613,0,,0.0000
AAZQ11,Outros,7.3400,7.21,685569.94,0.8386,1.2900,1.4817,7.5300,20.5712,29817,,206946884.0600
ABCP11,Shoppings,78.8400,79.49,43676.94,0.7385,0.7600,0.8650,3.5400,23.1464,14920,,507004106.3900
AFHI11,Papéis,91.7500,92.75,653506.06,0.9932,1.0800,1.0783,4.3500,11.4550,42402,,424592667.1100
AGRX11,Outros,8.0900,8.06,206613.83,0.7937,1.3600,1.3467,5.6600,22.9554,19257,,183235232.6600
AIEC11,Lajes Corporativas,46.1000,45.35,321771.56,0.5801,0.6900,1.2908,5.1800,11.5623,17677,,375121034.4700
AJFI11,Shoppings,7.2000,7.37,849165.67,0.6102,0.9700,0.9367,4.0800,7.7340,13137,,384656303.67
ALMI11,Lajes Corporativas,589.9600,560.01,38126.5,0.266,0.3600,0.5433,2.7500,9.2321,2002,,214297860.7000
ALZC11,Papéis,7.8900,8.3,198202.5,0.0885,1.3900,1.2575,5.4900,-7.8362,7825,,195840861.9
ALZM11,Fundo de Fundos,6.3200,6.32,164.43,0.8472,6.3000,1.3550,7.5500,4.6483,12195,,113203496.2200
ALZR11,Misto,96.8900,99.79,2601192.94,0.9495,0.0800,0.9200,0.3200,4.4716,152691,,1272157932.1500
APTO11,Imóveis Residenciais,8.5400,8.49,29459.89,0.8805,1.0500,1.0408,5.3400,5.2089,8711,,44779639.2500
APXM11,Shoppings,87.5600,96.04,333353.56,0.8263,0.5000,0.4733,1.7200,-10.0157,624,,349217182.13
ARCT11,Imóveis Industriais e Logísticos,---,87.13,1053903.45,0.8696,0.0000,1.0462,0.0000,---,43228,,369956160.0700
AROA11,Imóveis Industriais e Logísticos,0.9700,0.98,7383.06,1.0316,0.6600,0.6542,3.2000,0.1440,4097,,160335085.64
ARRI11,Papéis,7.5100,7.4,200418.67,0.8747,1.2000,1.1883,5.9300,-2.9716,24355,,175272963.6200
ARXD11,Papéis,7.2200,7.09,122201.61,0.7722,1.3200,1.2750,6.7300,-1.9167,1535,,83084798.63
ASMT11,Lajes Corporativas,68.5900,35.33,12967.67,0.394,1.1200,0.0000,2.1900,-3.8800,1,,102079817.71
ASRF11,Outros,---,10888,494.91,1.1193,0.0000,0.0000,0.0000,---,68,,38910201.49
ATSA11,Shoppings,49.9900,50,1069.78,0.6565,0.2400,0.3958,2.4700,-3.8479,305,,133137714.4400
AURB11,Imóveis Comerciais - Outros,---,72.8,68,1,0.0000,0.0000,0.0000,---,20,,65408945.4
AZPL11,Serviços Financeiros Diversos,7.3400,7.29,263401.39,0.7385,1.2300,1.1411,6.8300,18.8379,1,,178202361.37
BARI11,Papéis,75.0000,73.88,417063,0.8092,1.3300,1.2033,6.9800,20.0464,35633,,422905422.3100
BBFI11B,Lajes Corporativas,1335.0000,1257.1,182918.19,0.4075,47.5100,5.8142,69.7700,119.3947,6989,,112420203.1600
BBFO11,Fundo de Fundos,64.9000,63.78,377172.33,0.873,1.1100,1.0658,5.8200,15.3406,6863,,295109143.5500
BBGO11,Outros,67.0000,66.99,275821.33,0.7231,1.4200,1.2242,9.1000,0.2790,11897,,369438989.6000
BBIG11,Serviços Financeiros Diversos,7.1400,7.13,758458,0.7715,1.1600,1.1836,6.0400,12.9925,29926,,945852548.73
BBIM11,Papéis,---,0,,0,0.0000,0.0000,0.0000,---,20,,667.5000
BBPO11,Agências de Bancos,90.0600,96.75,1815419.7,0.8018,1.0900,0.9842,11.8100,11.5540,68471,,1614021771.6900
BBRC11,Agências de Bancos,105.8500,105.95,44500.44,0.9978,1.0200,1.0883,5.4900,8.0306,9158,,166519256.8300
BCIA11,Fundo de Fundos,88.2100,85.06,379367.28,0.9044,0.9500,0.9942,5.2400,16.1770,24221,,360241044.4900
BCRI11,Papéis,68.6900,65.4,360215.83,0.7966,1.1800,1.2875,6.4100,24.1009,43146,,530042757.0200
BDIF11,Outros,74.6400,75.63,2152505.89,0,1.4700,1.2250,5.6300,11.4696,0,,0
BDIV11,Outros,36.9300,36.02,286932.72,0,4.3300,21.0458,9.0800,1.2016,0,,0
BETW11,Outros,---,0,,0,0.0000,0.0000,0.0000,---,1,,263355773.41
BICE11,Fundo de Fundos,895.4300,895.43,84866.83,0.8654,0.4000,0.7025,3.1900,-7.5649,120,,138051856.9300
BICR11,Papéis,35.6300,35.92,44,0.8633,1.0200,0.3208,4.5200,-26.9733,641,,21256532.3100
BIDB11,Outros,81.4100,80.11,361254.56,0,1.3500,1.3650,7.8800,17.0612,0,,0
BIME11,Outros,6.8100,7.02,71388.06,0.8475,1.3200,1.3108,5.4300,9.3969,8464,,48296868.9700
BINC11,Papéis,92.8800,92.58,427162.44,0,1.0800,1.2980,4.6000,9.1699,0,,0
BIPD11,Outros,---,915.1,94906,0.9234,0.0000,0.0000,0.0000,---,111,,109443322.69
BLCA11,Outros,85.1300,94.62,1025316.33,0.7196,0.5900,0.5400,2.3200,-6.1587,482,,212249938.2900
BLCP11,Imóveis Industriais e Logísticos,89.0000,91,103127.5,1.4261,0.6300,0.0000,4.2600,---,8102,,256580339.9000
BLMC11,Papéis,---,85.75,150671.33,1.3438,0.0000,0.0000,0.7400,---,8102,,37827096.1200
BLMG11,Imóveis Industriais e Logísticos,30.8200,33.4,327358.44,0.4785,1.1400,1.5417,7.3600,5.8248,13467,,301157029.4500
BLMO11,Lajes Corporativas,79.9900,79.99,1218.28,0.7595,0.7300,0.6108,3.1100,16.4885,346,,104770196.7900
BLMR11,Fundo de Fundos,---,6.78,1157702.33,0.1063,0.0000,0.0000,0.0000,---,8102,,194292702.5300
BLOG11,Misto,10.4600,11.63,22,1.0393,0.3800,0.3550,1.5400,1.8408,64,,317968266.47
BLUR11,Papéis,69.5000,68.11,147.11,0.9253,0.7200,0.6533,3.1700,-3.0685,1,,6625198.12
BMLC11,Lajes Corporativas,96.2900,97.12,308420.61,0.8563,0.7300,0.7667,2.9300,5.1128,1340,,112458197.9500
BNFS11,Agências de Bancos,75.0500,72,139630.61,0.9291,1.2800,1.3233,6.6100,-12.2301,5793,,54402221.9000
BODB11,Outros,7.6300,7.56,1210832.17,0,1.3100,1.0167,7.4700,10.6036,0,,0
BPFF11,Fundo de Fundos,60.4900,57.85,218694.56,0.8555,1.0200,1.0425,5.5200,13.8695,20843,,313292654.5900
BPLC11,Misto,---,0,,0,0.0000,0.0000,0.0000,---,114,,323509063.61
BPML11,Shoppings,78.9300,80.2,1480047.5,0.6103,1.3600,1.4225,5.8600,31.8483,5406,,974638097.9600
BPRP11,Imóveis Industriais e Logísticos,---,107.5,1075,0.8561,0.0000,0.2233,4.5400,---,171,,169496975.27
BRCO11,Imóveis Industriais e Logísticos,112.9200,109.99,3006990.94,0.9392,0.7700,0.8442,4.2800,22.6823,118309,,1882284494.9300
BRCR11,Lajes Corporativas,39.9600,42.52,1446527.5,0.498,1.1300,1.1533,4.8000,8.3860,125898,,2312843296.5300
BREV11,Lajes Corporativas,105.0000,105,147816.11,1.6455,0.5500,0.0000,10.0300,22.0818,8102,,0.0000
BRFT11,Misto,85.7700,82.1,40378.72,0,1.4200,1.5373,7.7400,23.0386,0,,0.0000
BRIM11,Fundo de Desenvolvimento,513.2200,559.95,23956.78,1.2123,21.9700,6.0258,44.7700,5.8228,558,,56420825.39
BRIP11,Fundo de Desenvolvimento,849.0000,931,17853.11,1.2737,3.8300,3.7542,20.9700,43.6669,404,,157506611.07
BRLA11,Imóveis Industriais e Logísticos,146.9900,148,21194.28,0.841,0.7800,0.3867,4.6400,5.0598,435,,815145198.3800
BROF11,Lajes Corporativas,47.8300,49.65,642328.67,0.4607,1.2300,1.1075,4.8900,26.2563,9467,,1271282004.34
BRZP11,,124.9900,126.49,1247958.56,0,0.5300,0.6500,3.3200,43.7416,0,,0
BTAG11,Outros,98.6500,96.29,64098.83,0,1.2700,60.5692,655.6900,1165.6146,0,,0.0000
BTAL11,Imóveis Industriais e Logísticos,75.1600,76.71,510191.56,0.6878,1.1200,1.2317,4.7800,27.7224,39881,,667296194.6300
BTCI11,Papéis,8.6900,9.17,1470701.94,0.9239,1.0800,1.0608,4.3800,16.9706,188924,,994700510.87
BTCR11,Papéis,91.9600,88,285574,1.3791,0.9800,0.0000,12.5300,14.5378,8102,,458252683.7300
BTHF11,Papéis,7.5200,8.3,3008113.39,0.8258,1.2200,1.2940,5.2200,1.6725,325076,,2092241998.9
BTHI11,Hotéis,40.0100,38.89,22094.11,0.5789,0.6000,0.8775,3.2800,-1.8328,1341,,631829931.62
BTLG11,Imóveis Industriais e Logísticos,97.9000,100.93,7000666.44,0.9808,0.8000,0.8392,3.4100,15.2495,381638,,4497510230.5500
BTML11,Lajes Corporativas,101.3700,101.37,,0.8787,0.8600,0.5858,4.5900,2.9883,1,,130966273.9
BTRA11,Outros,57.9000,58.75,285399.78,0.5374,0.5200,0.6983,2.6700,48.9135,13097,,374327514.8300
BTSG11,Imóveis Industriais e Logísticos,158.1000,158.1,27.65,1.04,0.6000,0.5033,3.0000,2.4208,108,,117814221.7700
BTSI11,Misto,110.8200,111.52,2231.06,0.9472,0.7000,0.4600,2.8000,2.1108,187,,625681996.88
BTWR11,Fundo de Desenvolvimento,105.4900,105.49,11.44,0.9246,0.5700,0.3708,2.7200,2.7497,139,,92333445.7700
BTYU11,Incorporações,10.4200,10.05,596.83,1.0039,0.7800,1.1380,4.3700,8.5024,237,,307336741.34
BZEL11,Misto,---,0,,0,0.0000,0.0000,0.0000,---,3,,514375692.72
CACR11,Papéis,97.4600,96.32,1036903.06,1.0123,1.4100,1.4717,7.4600,17.6048,1,,460113085.2000
CARE11,Misto,0.7400,1.29,110165.44,0.1829,1.1300,0.0000,6.7900,-2.2607,11607,,286915148.0400
CBOP11,Lajes Corporativas,25.0000,25,80513.11,0.3695,0.4000,0.3683,2.2800,9.6707,2375,,95399410.1800
CCME11,Outros,8.5800,9.03,140922.61,0.8841,0.9800,0.9067,4.0200,13.7598,7879,,696589687.37
CCRF11,Papéis,---,92.5,1276.82,1.4496,0.0000,0.0000,0.0000,---,8102,,146548498.3100
CCVA11,Outros,98.9700,98.97,159202.27,1.0141,0.4700,0.4900,2.2900,2.3096,1,,60259595.7
CDII11,Outros,103.4800,101.92,2993169.63,0,1.1700,1.1367,5.7400,8.7529,0,,0
CEOC11,Lajes Corporativas,38.2500,39.42,32979,0.548,1.1800,1.1500,4.8100,8.9714,4223,,132530732.1100
CFHI11,Fundo de Desenvolvimento,626.2000,626.2,27.22,1.2058,2.6300,2.9413,23.5300,20.2205,101,,49128527.06
CFII11,Outros,952.6000,863.66,47.94,0.7271,1.1000,3.1133,9.3400,1.1000,113,,150037669.84
CIXM11,Misto,---,9.04,220499.5,0.2406,0.0000,0.0000,0.0000,---,108,,230221033.86
CJCT11,Lajes Corporativas,58.0000,57,14251.78,0.8228,0.3400,0.2342,1.5000,14.7441,909,,156913697.5600
CLIN11,Fundo de Fundos,84.8800,89.93,1255407,0.9432,1.3000,1.1767,5.1100,11.5985,11412,,420746984.46
CNES11,Lajes Corporativas,1.0000,1.03,46557.72,0.1361,0.5800,0.6225,2.9700,-0.9609,97353,,258486185.0100
COPP11,Lajes Corporativas,---,103,1827632,0.9376,0.0000,0.0000,0.0000,---,126,,487627077.4
CORM11,Lajes Corporativas,85.5000,0,,0,0.9006,0.9485,6.2039,-4.2658,0,,92123992.7200
CPFF11,Fundo de Fundos,61.8100,69.9,29215.43,0.9562,0.8100,0.6958,1.4700,5.1146,6950,,185752469.0200
CPFO11,Fundo de Fundos,---,0,,0,0.0000,0.0000,0.0000,---,8102,,118155565.38
CPLG11,Misto,11.0200,11.08,4457110.78,1.1237,0.9100,1.4100,3.7400,12.5710,558,,338793045.26
CPOF11,Misto,107.9000,108.5,15913220.78,0.9877,0.5600,0.5967,2.3600,5.5188,126,,487627077.4
CPSH11,Outros,8.9200,9.35,2085553.39,0.8003,1.1200,1.1100,4.5700,9.8198,18315,,945700503.06
CPTI11,Outros,83.8300,83.41,2014993.61,0,1.1900,1.1925,6.2000,9.3157,0,,0
CPTR11,Outros,8.0900,7.45,2388872.44,0.7566,1.2400,0.9258,3.4900,3.1482,24399,,406207209.8100
CPTS11,Papéis,7.1100,7.48,8347458.17,0.8627,1.1500,1.0983,4.7400,19.6316,355842,,2777278745.4200
CRAA11,Outros,89.9000,93.99,591456.44,0.9213,1.2200,1.1567,4.3600,13.6182,7852,,241076062.0000
CRFF11,Fundo de Fundos,76.4700,75.79,346293.72,0.8538,0.8000,0.8592,4.6200,19.6305,1276,,55443625.3100
CSMC11,Outros,---,0,,0,0.0000,0.0000,0.0000,---,1,,1687506092.03
CTXT11,Lajes Corporativas,23.2200,5.8,1249.17,0.2302,0.0400,0.0000,1.3400,-49.6484,2343,,125384663.8500
CVBI11,Papéis,82.0000,86,2002616.61,0.9483,1.2800,1.1683,5.2700,15.7037,86299,,1002223656.4400
CVPR11,Outros,---,0,,0,0.0000,0.0000,0.0000,---,2,,3338615.62
CXAG11,Agências de Bancos,72.0000,71.21,87986.33,0.6132,0.9700,0.9908,5.0000,9.2589,12025,,242004812.1800
CXCE11B,Lajes Corporativas,39.4700,44.01,9205,0.5962,1.0900,1.0200,12.2400,3.7260,3247,,110543765.8800
CXCI11,Outros,64.7500,69.47,68752.28,0.837,1.1600,1.0933,4.7500,4.4803,5335,,171273684.8900
CXCO11,Lajes Corporativas,57.9100,57.82,92390.5,0.5952,1.1300,1.0808,6.1000,13.7960,12830,,376504577.2400
CXRI11,Fundo de Fundos,64.5500,62.58,8962.5,0.8177,0.9100,0.8742,4.7000,1.7164,1861,,124614239.1700
CXTL11,Imóveis Industriais e Logísticos,229.1900,220.33,6676.39,0.5412,0.7900,0.8650,4.8300,21.3113,657,,22243031.6600
CYCR11,Outros,8.8000,8.78,567905.17,0.9368,1.2500,1.2092,6.2200,15.9993,18538,,341401259.5800
DAMA11,Misto,7.1600,7.33,167042.22,0.8568,1.1200,1.0456,3.5900,-19.5176,711,,47584826.24
DAMT11B,Shoppings,12.9900,11.45,8.94,0.8007,0.3300,0.0000,0.3300,-16.7229,526,,254293877.39
DCRA11,Outros,7.1800,7.73,70823.61,0.8109,1.3200,1.4425,5.7500,16.0566,16704,,64505241.3900
DEVA11,Papéis,29.8800,30.21,529579.94,0.3164,1.3700,1.4008,5.9300,10.5394,91764,,1341698497.0400
DLMT11,Varejo,---,0,,0,0.0000,0.0000,0.0000,---,9,,8587993.97
DPRO11,Outros,5.8700,6.1,253.61,0.6835,0.9400,0.9017,4.0000,3.7068,750,,45680169.24
DRIT11B,Lajes Corporativas,84.6700,83.3,1547,0.6167,0.6300,1.1650,1.9400,16.7581,348,,60485010.4100
DVFF11,Fundo de Fundos,6.0300,6.46,14118.17,0.7795,1.0800,1.0842,4.6300,4.0208,1832,,90434563.1300
EDFO11B,Lajes Corporativas,117.5000,229.98,7938.5,0.5606,0.4200,0.9908,3.5900,-17.9314,490,,49670858.8500
EDGA11,Lajes Corporativas,16.4300,16.56,11432.67,0.3708,0.5500,0.4600,2.4500,5.2263,4147,,179196479.0800
EGAF11,Outros,90.2800,90.95,820870.17,0.9187,1.3500,1.4483,6.0100,17.1505,11367,,309535216.5200
ENDD11,Outros,98.5100,103,242570.44,0,0.0800,0.7118,10.9900,36.9908,0,,0
EQIA11,Fiagro,---,0,,0,---,---,---,---,0,,0
EQIR11,Outros,7.6800,7.87,145742.33,0.8383,1.3000,1.2483,5.2800,19.7278,10344,,101885959.3900
ERCR11,Varejo,15707.8500,15707.85,,0.7524,0.9300,1.3950,0.9300,0.9300,10,,62685372.1700
ERPA11,Lajes Corporativas,133.1600,129,7617.22,0.8088,0.6800,0.4808,2.5400,5.0574,441,,79895998.6700
ESUD11,Outros,315.9900,315.99,1579.95,0,23.0800,5.7700,23.0800,---,0,,0
ESUT11,Outros,32.0000,32,609.52,0,210.9000,52.7250,210.9000,---,0,,0
ESUU11,Outros,32.0000,32,3200,0,199.4900,49.8725,199.4900,---,0,,0
EURO11,Imóveis Industriais e Logísticos,230.0000,242.99,22604.44,0.7164,0.8400,0.8458,4.3700,12.3822,2135,,126434642.0900
EVBI11,Misto,10.5000,9.5,32194.42,1.0254,1.0500,0.8208,9.8500,23.4775,1313,,411540046.9800
EXES11,Outros,9.3700,9.35,14215.5,0.965,1.3900,1.1192,5.5000,16.5614,526,,68962453.77
FAED11,Educacional,133.2600,137.7,95359.06,0.6104,1.2000,1.1883,4.8600,9.1086,4250,,153752411.7300
FAMB11B,Lajes Corporativas,---,609.99,47041.93,0.1761,0.0000,0.0000,0.0000,---,2173,,376574076.5000
FAOE11,Outros,---,926.9,,14.5259,0.0000,0.0000,0.0000,---,8102,,118155565.38
FATN11,Lajes Corporativas,74.5800,78.04,968272.78,0.7949,1.0700,1.0400,4.3400,-0.0644,17091,,416576381.0300
FCFL11,Educacional,114.5300,115.15,327802.44,0.9315,0.7600,0.7917,3.2100,12.8779,3495,,427972479.9600
FEXC11,Papéis,---,83.5,860137.12,0.0988,0.0000,0.9567,0.0000,---,36232,,1003494922.3900
FGAA11,Outros,8.2200,8.85,1043908.72,0.9278,0.7300,1.3083,5.9100,23.9992,49943,,431201584.9400
FIGS11,Shoppings,46.4200,45.07,108524.5,0.6039,0.9700,0.9158,4.9400,4.7902,12399,,216852114.1300
FIIB11,Imóveis Industriais e Logísticos,509.5100,501.05,188342.72,1.0534,0.7700,0.7658,3.8500,11.0406,15614,,325631258.4400
FIIP11B,Imóveis Industriais e Logísticos,146.5100,161.37,1172.8,0.7307,0.9600,0.9075,4.0300,6.8105,6586,,184360354.7200
FISC11,Lajes Corporativas,65.0000,67,207.44,0.5864,0.7800,0.6683,3.0600,6.2501,211,,194225210.8600
FLCR11,Papéis,96.3400,97.4,45053.22,1.0427,1.1400,1.2925,5.1700,11.4473,3003,,70148124.3900
FLFL11,Fundo de Desenvolvimento,---,0,,0,0.0000,0.0000,0.0000,---,1,,492559946.02
FLMA11,Lajes Corporativas,125.6700,131.42,74983.22,0.5989,0.8100,0.8158,3.0600,0.7774,12667,,304302274.7800
FLRP11,Shoppings,1980.0000,2003.97,7962.28,0.9825,0.7100,0.6542,3.7000,12.1310,799,,147881804.8100
FMOF11,Lajes Corporativas,65.0000,65,72893.56,0.5604,0.6200,0.4717,4.6900,32.2362,250,,58921632.5000
FPAB11,Lajes Corporativas,199.9500,180.01,6740.89,0.5082,0.6800,0.4992,2.9200,4.5203,736,,265637294.9900
FRHY11,Outros,---,0,,0,0.0000,0.0000,0.0000,---,7,,2329425.61
FVPQ11,Shoppings,53.7400,53.01,94875.22,0.3056,0.9300,0.8733,5.4900,24.4633,4077,,488605030.3000
FZDA11,Outros,120.8300,120.83,459.5,0.6994,3.4000,2.1200,3.4000,-0.8033,320,,346944464.7400
FZDB11,Outros,126.8900,126.89,242.11,0.7534,3.3200,6.9400,3.3200,21.2904,113,,359965649.4300
GAME11,Outros,8.3100,8.64,132422.5,0.9283,1.1400,1.1117,4.6100,9.2935,22573,,202588245.0600
GARE11,Imóveis Industriais e Logísticos,8.9500,8.75,4681368.28,0.9824,0.9300,1.0525,5.1800,11.3866,340284,,1341945972.3
GCFF11,Fundo de Fundos,---,69.3,87694.83,1.086,0.0000,0.0000,4.2700,---,8102,,26175371.6900
GCOI11,Outros,---,98.99,1178.43,1.0131,0.0000,0.0000,0.0000,---,376,,11041652.18
GCRA11,Outros,50.4200,52.74,153186.94,0.6094,1.2900,1.3417,5.4100,33.9127,7527,,150011681.7700
GCRI11,Papéis,61.7100,63.48,313824.67,0.708,1.4100,1.4067,5.9000,16.8641,4379,,129770231.7800
GESE11B,Educacional,---,1520,,23.8207,0.0000,0.0000,0.0000,---,8102,,58192036.9400
GGRC11,Imóveis Industriais e Logísticos,10.1600,9.88,4136678,0.8977,0.9800,0.9850,5.1200,10.9020,155913,,1362276387.1400
GLOG11,Imóveis Industriais e Logísticos,59.0200,55.45,14058.5,0.5066,0.6900,0.8483,4.0500,12.4208,2162,,81476995.69
GRUL11,Logística,9.0000,9.01,317241.17,0.9355,1.2200,1.6867,7.3000,29.5369,4732,,237487853.88
GRWA11,Outros,8.9000,9.01,6651.11,0.9148,1.1200,1.1908,4.6800,16.5486,1,,27527867.8500
GSFI11,Shoppings,2.5100,7.98,3364554.67,0.6172,0.0276,0.0023,0.0276,0.0276,6712,,814995674.0300
GTLG11,Imóveis Industriais e Logísticos,---,63.99,22885.25,1.0028,0.0000,0.0000,37.5900,---,8102,,434811690.7000
GTWR11,Lajes Corporativas,71.5000,70.41,1119553.89,0.7022,1.1600,1.1367,6.0600,10.6179,36419,,1196297496.0400
GURB11,Outros,108.0000,108,5000076,0.9361,0.6500,0.0000,0.6500,---,1,,130966273.9
GZIT11,Outros,48.6900,48.69,415357.22,0.536,1.6000,1.7408,7.2500,40.2595,6970,,1994508889.51
HAAA11,Lajes Corporativas,25.2800,26.56,8.22,0.407,0.3200,0.3583,2.7600,-17.9537,227,,258862948.8300
HABT11,Papéis,83.7500,80.93,770736.11,0.8793,1.3700,1.3292,7.0400,26.6235,63800,,757903182.3500
HBCR11,Outros,134.9600,134.96,60.22,1.099,0.4800,0.8433,7.4700,18.2380,38,,196486837.04
HBRH11,Lajes Corporativas,91.5000,90.8,14627,0.8009,0.5500,0.7683,9.2200,2.4597,720,,316852348.3100
HCHG11,Papéis,76.5000,76.99,432568.17,0.8126,1.1800,1.2083,6.2500,23.0541,596,,113671619.6900
HCRA11,Outros,10.0000,10.22,114.44,0,1.8000,8.5033,88.6400,-55.6570,0,,0.0000
HCRI11,Hospitalar,247.2200,260.93,25666.22,0.7883,1.0700,1.0342,4.2100,4.0618,3017,,65175392.8500
HCTR11,Papéis,20.6000,21.88,833770.5,0.2187,1.4600,1.7017,8.7800,-11.6311,143357,,2231809858.3800
HDEL11,Imóveis Industriais e Logísticos,98.0000,99.99,5.56,2.1577,11.8400,3.8850,11.8400,24.4360,109,,38922861.04
HFOF11,Fundo de Fundos,60.2900,59.04,1207782.5,0.8729,0.9300,0.9892,5.1100,14.0496,72852,,1576230180.8300
HGAG11,Outros,14.9900,15.39,379.28,0.6391,0.9300,1.0842,4.1500,35.6042,1176,,5977791.2500
HGBL11,Misto,8.7900,8.6,567635.44,0.9222,0.8200,1.3542,4.6100,-7.2310,4467,,221291461.12
HGBS11,Shoppings,197.1400,193.77,2419436.17,0.912,0.8100,0.8583,4.3600,11.3863,126920,,2782303984.4800
HGCR11,Papéis,96.2900,94.04,2266273.67,0.9861,1.0900,1.0500,5.5300,10.6404,101698,,1484646731.6100
HGFF11,Fundo de Fundos,72.5700,71.56,285160.83,0.8918,0.9400,1.0525,5.9900,15.0058,15483,,232455169.4100
HGIC11,Papéis,79.2000,79.8,20530.28,0.669,1.0100,1.1400,4.4000,-4.0224,570,,50855619.2800
HGLG11,Imóveis Industriais e Logísticos,160.8000,158.24,6694794.22,0.9813,0.6800,0.7292,3.6200,13.5212,499562,,5497295245.9000
HGPO11,Lajes Corporativas,118.3000,133.54,224891.72,0.9719,48.2200,4.6375,62.5100,101.2496,10373,,272797070.8500
HGRE11,Lajes Corporativas,118.7200,111.92,1859227.78,0.7522,0.7200,0.8225,4.0000,25.6691,143234,,1822420082.9000
HGRS11,Imóveis Residenciais,---,0,,0,0.0000,0.0000,0.0000,---,8102,,110907626.7300
HGRU11,Misto,124.3800,120.67,3994544.78,0.9587,0.7200,0.8625,4.7900,18.4284,217181,,2954515169.0000
HILG11,Outros,197.2400,197.24,9.43,0.9636,0.7300,0.4858,3.5100,3.5551,104,,107719894.94
HLOG11,Imóveis Industriais e Logísticos,81.5300,80.83,65440.06,0.7377,0.8000,0.6350,3.8300,5.6642,3457,,468858815.1300
HOFC11,Lajes Corporativas,32.2800,25.87,53615.67,0.375,0.6500,0.6500,2.0100,67.5913,5706,,246888657.56
HOSI11,Imóveis Residenciais,82.4100,83.72,191774.11,0.9269,0.7100,0.7017,3.0500,-2.9227,1225,,52072580.3000
HPDP11,Shoppings,87.7800,88.04,1452879.83,0.9507,0.6400,0.5875,3.2600,5.4532,374,,306643412.7700
HRDF11,Fundo de Desenvolvimento,---,3,78.78,0.3876,0.0000,0.0000,0.0000,---,951,,11738232.97
HREC11,Papéis,8.3900,8.24,353534.17,0.9721,1.0700,1.0675,5.6200,16.4334,2685,,443897007.0400
HRES11,Imóveis Residenciais,147.6400,147.64,477.6,1.1459,1.6700,1.4500,4.7300,3.6743,132,,60330338.42
HSAF11,Papéis,80.0100,78.74,304934.94,0.8922,1.1900,1.2225,6.8200,20.1466,9076,,221537540.9000
HSLG11,Imóveis Industriais e Logísticos,83.4900,82.82,528728.67,0.7746,0.7800,0.9042,4.3900,13.0818,41202,,1347035563.5000
HSML11,Shoppings,85.8100,84.87,1990910.94,0.7883,0.7600,0.9125,4.4500,13.4253,190760,,2270095987.3300
HSRE11,Misto,101.9900,102,2032937.11,1.1236,0.6400,0.8892,3.7800,11.8179,339,,813258876.9700
HTMX11,Hotéis,141.9800,138.68,799668.72,0.9645,0.5600,1.2892,5.1600,2.8187,37885,,420185174.6100
HUCG11,Hospitalar,107.7800,101.91,561,0.9201,0.2000,0.0000,0.2000,8.4293,235,,115378016.51
HUSC11,Hospitalar,96.8000,95.2,8896.39,0.6352,0.8900,0.9017,4.7800,0.3621,762,,129659342.5800
HUSI11,Hospitalar,---,1240,68.89,0.9947,0.0000,0.5875,0.7100,---,101,,145050925.7200
IAAG11,Outros,7.4000,7.54,86626.44,0.7757,1.3500,1.1892,6.6300,-4.4282,13285,,101593189.2100
IAGR11,Outros,4.1100,4.09,38165,0.6369,0.1500,0.3100,0.8800,49.6857,1,,17892409.4000
IBBP11,Outros,7.9400,8,1989.83,0.9132,0.8600,1.1433,3.4300,-6.9327,401,,386815810.01
IBCR11,Papéis,59.4900,57.14,168425.28,0.6242,1.3300,1.4308,6.2100,17.8669,3749,,88257777.6400
IBFF11,Fundo de Fundos,---,66.4,162549.5,1.0406,0.0000,0.0000,6.2500,---,8102,,9855905.1600
ICNE11,Imóveis Residenciais,653.9600,653.96,,0.8454,0.1800,1.0142,5.9600,6.0847,5,,92821803.55
ICRI11,Misto,94.7000,94.41,1182049.5,0.9516,1.1600,1.2625,6.5900,13.7686,6805,,381197588.91
IDFI11,Outros,2.0000,2,2592.8,1.25,78.0400,57.3217,1043.0400,44259.4346,617,,3283391.8700
IDGR11,Misto,1.5000,1.5,332.83,16.6667,5.9900,7.9050,5.9900,-48.0441,171,,79368.95
IDUA11,Imóveis Comerciais - Outros,64.4200,64.42,,0.876,1.1300,1.1833,9.6600,8.5561,2,,29584035.99
IFRA11,Outros,97.9600,97.01,1759665.39,0,0.9300,1.0792,5.2200,9.0827,0,,0
IFRI11,Misto,95.4900,94.73,1953584.11,0,1.0500,1.0427,5.2400,11.7897,0,,0
IMOV11,Outros,---,0,,0,0.0000,0.0000,0.0000,---,13027,,484708931.21
INFA11,Outros,9.8200,9.82,,0,0.9200,2.5650,13.6400,11.9892,0,,0
INFB11,Outros,96.4900,91.49,19694.39,0,1.0400,1.5250,3.0500,-1.0368,0,,0
INLG11,Imóveis Industriais e Logísticos,73.3600,74.51,249238.5,0.7404,1.0600,1.0300,5.5800,13.9877,18133,,454205994.28
INRD11,Fundo de Desenvolvimento,69.0000,68.75,42274.11,0.5841,0.9000,0.9075,4.7600,11.4582,7460,,133037540.77
IRDM11,Papéis,67.1900,70.15,2770049.83,0.8603,1.0700,1.2125,5.0500,19.4985,279385,,2960463235.1300
IRIF11,Papéis,8.4000,8.91,29042.67,0,1.3100,0.9175,3.6700,-0.8859,0,,0
IRIM11,Outros,66.3900,68.6,36252.89,0.8178,1.1400,1.2975,5.4100,20.1827,2581,,162789652.2000
ISCJ11,Papéis,96.1800,95.18,68.78,0.3973,0.6600,0.6467,4.3800,13.1575,50,,44951309.14
ITIP11,Papéis,66.2000,65.89,59484.11,0.9488,1.1600,1.0258,5.4500,6.3248,9259,,51977353.7200
ITIT11,Fundo de Fundos,67.4100,66.79,141698.94,0.9004,0.9000,0.8975,4.6700,6.9798,10810,,66632828.3900
ITRI11,Shoppings,81.4000,79.03,909785.78,0.9028,0.9800,1.0158,5.1400,12.7099,17123,,564578952.89
IVCI11,Papéis,96.8600,96.86,,0.9809,1.8300,1.6660,5.1700,4.4665,1,,49376641.16
JASC11,Imóveis Comerciais - Outros,100.0000,100,10000,0.8838,0.6400,0.4058,2.5200,3.5483,166,,394815090.33
JBFO11,Papéis,15.0300,15.03,82,1.8788,0.2600,9.3125,0.7700,-43.4005,369,,10230854.26
JCCJ11,Papéis,153.0000,159.6,1664035.33,0.8436,0.2900,0.2567,1.1400,-3.2802,122,,315681727.56
JCIN11,Fundo de Fundos,150.0000,150,1108050,0.9599,0.3700,0.3489,1.5200,1.5287,7,,205925197.19
JFLL11,Imóveis Residenciais,71.5000,71,71976.44,0.6585,0.7000,0.8225,3.6200,5.6377,2768,,161813791.4400
JGPX11,Outros,61.0000,60.11,161171.11,0.6386,0.9000,1.1792,4.8900,11.5515,1,,200953512.8900
JMBI11,Outros,82.8200,85.21,1296187.33,0,1.2100,0.8467,5.0800,0.5261,0,,0
JPPA11,Papéis,81.9900,78.67,91903.89,0.8361,1.2900,1.3900,7.2200,16.6649,6871,,85733045.6000
JRDM11,Shoppings,---,85.9,610682,1.3462,0.0000,0.0000,5.0000,---,8102,,224143181.1600
JSAF11,Fundo de Fundos,7.9800,7.87,1727725,0.9005,1.1400,1.1783,6.3200,10.7852,19841,,677401620.9800
JSCR11,Papéis,8.2400,8.16,440465.44,0.8746,1.1500,6.7778,17.4900,29.3638,3826,,206526044.58
JSRE11,Misto,63.9000,63.99,1886295.83,0.6323,0.7500,0.8175,4.2100,19.9565,89294,,2116481937.9700
JURO11,Outros,96.7400,96.79,4409945.11,0,1.0300,0.9192,3.4800,3.3433,0,,0
KCRE11,Outros,8.8300,8.73,328185.83,0.9461,1.2500,1.1133,6.1700,11.6337,14864,,333746878.0900
KDIF11,Outros,126.4900,126.1,2106601.17,0,1.0300,0.9833,5.4600,11.8751,0,,0
KDOL11,Misto,97.3800,96,292693.17,0.9241,0.4600,0.5940,2.4500,-0.9339,2061,,70430234.9700
KEVE11,Fundo de Desenvolvimento,880.0000,835,52296.11,1.5458,1.5400,3.0467,8.3000,22.2798,456,,79785486.9800
KFEN11,Outros,1100.0000,1100,611.11,1.1754,1.2700,1.4500,4.3500,17.2550,129,,167187612.85
KFOF11,Fundo de Fundos,82.1500,80.75,1198550.89,0.9413,0.9100,0.9917,5.2100,19.3709,27173,,605090573.8300
KINP11,Fundo de Desenvolvimento,---,9.82,38394.2,0.1539,0.0000,0.0000,19.9500,---,8102,,0.0000
KISU11,Fundo de Fundos,7.1600,7,534989.72,0.8962,0.9800,0.9742,5.0600,10.0833,111689,,349148307.1600
KIVO11,Papéis,67.2200,65.31,465516.78,0.7501,1.4900,1.3892,7.6200,8.4849,6600,,194273787.77
KNCA11,Outros,96.5000,95.54,2346162.56,0.9298,1.2400,1.1692,6.1900,16.8690,73050,,2206486419.3200
KNCR11,Papéis,103.3700,102.74,10560593.94,1.0047,1.1200,1.0258,5.2800,9.9893,392197,,7788648901.1400
KNHF11,Outros,91.0400,89.88,3363458.67,0.9485,1.0400,1.0600,5.4700,19.0906,43951,,1910649960.56
KNHY11,Papéis,102.2500,100.49,2396830.61,1.0241,1.3700,1.1467,6.1700,12.4263,25722,,2756152545.0000
KNIP11,Papéis,91.4000,90.2,5108793.89,0.994,1.3700,1.0333,5.9400,12.8748,73091,,7254411792.0800
KNOX11,Outros,97.7300,102.5,2053940.33,0,2.6100,0.6833,8.2000,17.4251,0,,0
KNPR11,Outros,---,0,,0,0.0000,0.0000,0.0000,---,593,,51645907.3
KNRE11,Fundo de Desenvolvimento,0.0400,0.3,6596.61,0.4627,336.9800,28.0817,336.9800,74.7920,6089,,14036869.1400
KNRI11,Misto,148.9800,146.35,6335892.72,0.9138,0.6700,0.7283,3.7000,21.7697,297208,,4547151519.1900
KNSC11,Papéis,8.6900,8.67,5197504.33,0.9954,1.2700,1.0842,5.8400,12.8612,200213,,1757299035.1800
KNUQ11,Outros,103.4500,102.52,2679680.67,1.0082,1.2600,1.1175,6.0400,12.1959,37542,,1550451913.25
KOPA11,Outros,891.2700,953.68,279859.39,0.9174,2.2100,1.5283,6.9400,27.9004,3571,,363450968.1000
KORE11,Lajes Corporativas,86.2000,82.69,1824529.11,0.7951,1.4500,1.4900,7.9500,21.5139,22968,,1019051422.58
KRES11,Misto,---,0,,0,0.0000,0.0000,0.0000,---,131,,228789924.6
LAFI11,Misto,117.2300,114.91,3420.39,1.0139,7.9200,7.9200,7.9200,---,159,,62352199.3400
LASC11,Shoppings,103.8900,99.99,804693.06,0.7279,0.7000,0.5350,2.9600,3.2129,409,,418222455.9900
LAVF11,Outros,---,0,,0,0.0000,0.0000,0.0000,---,8102,,118155565.38
LFTT11,Papéis,6.2400,4.25,56052.11,0.2904,3.8200,3744352.2517,60.3800,147.5638,8,,49913321.2200
LGCP11,Imóveis Industriais e Logísticos,71.1000,82.95,163106.04,0.6514,1.1300,0.8983,10.7800,-7.0521,19183,,457171677.9200
LIFE11,Imóveis Comerciais - Outros,8.8700,8.7,607746.56,0.8818,1.3500,1.5000,7.2800,7.3736,15643,,371917406.01
LLAO11,Misto,64.5800,64.58,7019.57,1.2355,11.3200,1.9186,11.3200,8.9745,77,,18875329.35
LOFT11B,Fundo de Desenvolvimento,---,29.9,,12.7234,0.0000,0.0000,142.9600,---,8,,4620721.46
LPLP11,Outros,386.6800,408,555591.28,1.0097,0.0700,1.6350,8.6500,8.8983,11,,234575135.41
LRDI11,Outros,100.0000,100,5.56,1.0321,13.5200,13.5200,13.5200,---,102,,35829321.06
LSAG11,Outros,75.0500,73.91,44390.61,0.7647,1.4700,1.5325,9.2100,18.2855,2840,,98942944.9800
LSOI11,Misto,---,85,,9.2391,0.0000,0.0000,0.0000,---,9,,11086118.63
LSPA11,Papéis,24.0100,24.01,453.61,1.1461,86.8400,25.2608,299.4500,153.7277,727,,8473824.04
LTMT11,Imóveis Residenciais,95.1900,95.21,5930.19,1.0002,8.8000,8.8000,8.8000,---,1,,11895462.33
LUGG11,Fundo de Desenvolvimento,67.4100,72.82,23956,0.5527,0.8800,0.7692,9.2300,-10.0843,7962,,132968746.7500
LVBI11,Imóveis Industriais e Logísticos,102.7000,102.21,2254811.22,0.8206,0.7300,0.8417,4.1300,14.4391,131797,,2011420258.5100
MALL11,Shoppings,102.8900,101.55,2780259.28,0.8414,0.8300,0.8292,4.3500,15.3206,128729,,1701866054.7700
MANA11,Outros,8.8500,8.83,1183775.56,0.9607,1.2400,1.2667,6.5900,19.4535,1,,343653673.16
MATV11,Outros,82.5000,86.63,13027.43,1.3576,0.7300,0.0000,3.1100,-1.0827,8102,,38799465.3000
MAXR11,Varejo,65.6800,66.08,61268.78,0.6344,0.4900,2.7675,2.1000,11.6348,4577,,117599299.8300
MBRF11,Lajes Corporativas,---,0,,0,0.0000,0.0000,0.0000,---,0,,115491134.7200
MCCI11,Papéis,82.2000,84.59,2762325.17,0.92,1.0900,1.0433,4.4900,16.8479,102695,,1563930061.8500
MCEM11,Shoppings,53.6100,65,341760.78,0.9907,5.1700,5.1700,5.1700,---,9,,94790355.26
MCHF11,Papéis,---,9.1,1778820.09,0.1426,0.0000,0.0000,1.5100,---,8102,,335751641.1500
MCHY11,Papéis,7.1800,8.58,4789731.61,0.7158,1.3900,1.1575,13.8900,-21.9389,93666,,1060212799.6400
MCRE11,Papéis,8.5200,8.93,3035362.17,0.8866,1.2900,1.3100,5.4200,33.9977,82504,,1131059679.93
MFAI11,Fundo de Fundos,69.9800,69.98,11326.82,0.9916,48.8400,4.3650,56.2400,89.7503,2301,,0.0000
MFII11,Fundo de Desenvolvimento,86.6500,84.96,802963.78,0.8213,1.2700,1.3183,6.7400,4.9023,33260,,546704615.9400
MGCR11,Papéis,---,9.4,259145.59,0.1473,0.0000,0.0000,8.0000,---,8102,,131240792.9700
MGFF11,Fundo de Fundos,---,69.99,2558695.75,1.0969,0.0000,0.0000,0.0000,---,8102,,665588549.5700
MGHT11,Hotéis,30.8500,12.85,96702.17,0.4788,0.4200,0.2017,7.2400,-21.9010,4838,,66752133.2200
MGLG11,Imóveis Industriais e Logísticos,40.4900,40.99,55314.19,0.549,0.8600,0.9742,0.8600,-2.7662,3712,,116224996.0200
MGRI11,Outros,58.1800,58.18,,0.8412,3.0900,1.4308,9.9300,10.3016,1,,18113818.43
MINT11,Educacional,96.5000,96.5,2171.2,0.9931,15.2000,7.6000,19.7700,14.9526,94,,50527673.91
MMPD11,Outros,---,0,,0,0.0000,0.0000,0.0000,---,102,,58696791.36
MORC11,Papéis,---,89.87,1741368.33,1.4084,0.0000,0.0000,1.0300,---,8102,,186458139.8500
MORE11,Fundo de Fundos,---,76.21,1327577.67,1.1943,0.0000,0.0000,0.0000,---,8102,,201465359.1200
MXRF11,Papéis,9.3200,9.29,10865602.17,1.0043,1.0700,1.0383,5.1900,10.1442,1280849,,4052118592.9600
NAVT11,Papéis,64.0000,70.46,62550.28,0.8311,1.0900,1.2292,4.5800,11.0627,2813,,51184179.3600
NCHB11,Papéis,7.8100,7.97,63111.7,0.8174,1.3400,1.2608,4.0600,10.1815,11451,,148979591.7700
NCRA11,Outros,6.3800,7.7,40349.65,0.7278,1.5700,1.3717,3.6600,6.0193,8422,,47177032.4800
NCRI11,Papéis,8.5700,8.62,28590.17,0.8811,1.2800,1.2492,5.1800,17.4821,1024,,38882337.31
NELO11,Logística,---,0,,0,0.0000,0.0000,0.0000,---,2,,569034965.4400
NEWL11,Imóveis Industriais e Logísticos,99.0000,101.78,373617.28,0.7765,0.9600,0.9517,5.0500,3.6248,9256,,520442425.4300
NEWU11,Lajes Corporativas,77.0400,74.49,238421.11,0.9963,0.0900,0.0900,0.5100,-0.4836,1149,,57721617.0100
NEXG11,Agricultura,132.9500,129.9,173927.94,1.3085,0.7100,0.7067,2.8300,13.6668,603,,69394305.7400
NSLU11,Hospitalar,155.9500,157.09,105491.56,0.7373,0.9800,0.9867,5.2300,8.7937,5572,,271121349.3200
NUIF11,Outros,86.2500,91.08,157898.44,0,1.2800,1.1883,4.8700,2.0720,0,,0
NVHO11,Hospitalar,10.7000,11.17,1482.39,0.6631,0.8100,0.7358,3.7200,-10.5238,1885,,688351384.4200
NVIF11B,Fundo de Desenvolvimento,---,227.5,,0.8641,0.0000,0.0000,0.0000,---,7,,88829544.9400
NVRP11,Outros,60.2700,60.27,524.09,0,107.4000,107.4000,107.4000,---,0,,0
OBAL11,Imóveis Residenciais,987.0900,1095,47.61,0.9095,7.3400,7.3400,7.3400,---,108,,170096003.06
OCRE11,Papéis,74.4800,73.5,21047.94,0.8155,0.8000,0.6158,3.5200,-15.6953,475,,38383630.85
OGHY11,Outros,---,8.72,22847.1,0.1367,0.0000,0.0000,0.9900,---,8102,,118155565.38
OGIN11,Misto,8.3300,7.31,125873.5,0,0.9600,0.9850,2.0300,-11.9176,0,,0
OIAG11,Outros,7.4500,7.65,139838.5,0.7851,1.4100,1.3767,5.6700,13.7299,12659,,89549121.5100
ONEF11,Lajes Corporativas,---,200.03,114431.47,3.1348,0.0000,0.0000,0.0000,---,8102,,166518054.6300
OPTM11,Misto,---,0,,0,0.0000,0.0000,0.0000,---,15,,4214110.12
ORPD11,Fundo de Desenvolvimento,---,93,402.75,0.6537,0.0000,0.0000,0.0000,---,6,,36158397.7800
OUFF11,Fundo de Fundos,60.4100,61.1,264340.11,0.9575,1.2500,0.2733,7.1000,-4.0100,8102,,142517935.8200
OUJP11,Papéis,78.9400,77.56,407128.39,0.7899,1.3300,1.2700,7.0300,16.1298,25288,,320684895.6000
OULG11,Imóveis Industriais e Logísticos,32.2700,37.5,177271.17,0.6072,2.3700,0.1975,2.3700,5.6437,3776,,153057330.2300
OURE11,Misto,77.8800,78.2,224923.68,1.2255,1.3900,0.3233,8.6800,19.4212,8102,,108172369.3100
PABY11,Fundo de Desenvolvimento,---,10.59,89.22,0.2271,---,---,---,---,553,,190677892.8400
PATA11,Misto,10.6900,10.8,20479.11,1.0865,1.1800,1.0388,5.6400,7.6803,198,,16919617.32
PATB11,Lajes Corporativas,---,0,,0,0.0000,0.0000,0.0000,---,1,,786904000.41
PATC11,Fundo de Desenvolvimento,35.1000,35.59,90134.33,0.8618,0.4300,0.3883,2.1300,4.0453,5842,,143652793.4000
PATL11,Imóveis Industriais e Logísticos,48.5500,49.01,436789.17,0.512,1.1700,1.1525,6.2300,17.3885,25517,,482034598.2800
PCAS11,Outros,---,0,,0,0.0000,0.0000,0.0000,---,100,,301783685.66
PEMA11,Papéis,39.0100,39.01,992.67,0.6107,4.2300,1.4267,10.9500,43.2861,298,,35261789
PFIN11,Outros,64.8300,72.76,1725580.56,0,2.0100,0.4192,5.0300,5.7664,0,,0
PICE11,Outros,34.4200,36.71,112828.56,0,1.1600,0.2508,1.1600,-6.9501,0,,0
PLAG11,Outros,48.0000,47.1,772922.06,0.78,0.9600,1.0342,5.2900,18.6525,17017,,305692215.5
PLCA11,Outros,73.2500,71.35,74309.39,0.7527,0.3300,1.2900,6.3400,18.9523,2664,,52544142.6600
PLCR11,Papéis,81.1600,79.85,327659,0.8704,1.1100,1.0642,5.8900,16.6995,14985,,191932714.5000
PLOG11,Imóveis Industriais e Logísticos,70.9600,66.71,70165.04,0.629,0.9900,1.0108,4.0900,0.5538,3284,,75296076.0900
PLRI11,Papéis,15.9100,15.29,6039.89,0.8284,0.5300,5.7300,33.3900,64.4925,831,,17283022.1800
PMFO11,Misto,85.6900,86.71,17804.44,1.0078,0.9800,0.6300,3.9000,0.5884,1,,83969452.67
PMIS11,Misto,7.8100,7.81,286679.83,0.8607,1.1500,1.1883,6.0000,4.6714,7276,,134952031.28
PNCR11,Imóveis Residenciais,68.6500,68.65,2.96,1.2652,0.9800,1.3783,12.8400,29.9782,113,,27131645.28
PNDL11,Fundo de Desenvolvimento,---,1085,116788.89,1.022,0.0000,0.0000,0.0000,---,56,,153234860.52
PNPR11,Fundo de Desenvolvimento,75.5000,52,63024,1.3581,25.2300,8.4100,25.2300,---,19,,34380768.33
PNRC11,Outros,102.5200,102.52,105,1.8947,0.6900,2.2525,1.7000,1.7095,105,,22191705.53
PORD11,Papéis,8.4800,8.27,565581.06,0.8607,1.0800,1.1325,5.6900,19.4889,40198,,356192909.9700
PPEI11,Outros,78.6000,88.4,166217.83,0,5.0900,1.5833,9.5000,8.9482,0,,0
PQAG11,Imóveis Industriais e Logísticos,53.3900,51.5,564825.17,0.9265,0.8800,0.8417,4.2700,0.3405,474,,805766999.8300
PQDP11,Shoppings,2337.0000,2384.99,254159.11,0.6808,0.8600,1.0208,4.6100,27.0610,3410,,336911154.5000
PRIF11,Outros,102.9800,101,730.94,0,0.9700,1.9200,1.9200,-0.9725,0,,0
PRSV11,Lajes Corporativas,185.9000,47.89,724.5,0.3181,7.5800,0.0000,13.7900,41.0524,838,,71024775.3100
PRTS11,Shoppings,---,117.7,,1.8445,0.0000,0.0000,0.0000,---,8102,,118155565.38
PULV11,Papéis,7.8500,7.72,36287.94,0.7562,1.1500,0.9433,6.0900,-10.0341,811,,121578260.1
PVBI11,Lajes Corporativas,80.2000,76.8,3699151.11,0.7439,0.6200,0.7142,3.4400,16.1772,159981,,2844548333.8200
QAGR11,Outros,47.5000,41,258464.62,0.7705,0.9700,1.0292,4.2800,15.1087,17348,,305270267.0100
QAMI11,Papéis,85.1200,84.68,26062.94,1.3271,1.1700,0.0000,11.3200,14.2215,8102,,74367555.4800
QIRI11,Papéis,---,78.04,6867.57,1.223,0.0000,0.0000,6.9000,---,8102,,13441852.9500
QNTS11,Outros,---,0,,0,0.0000,0.0000,0.0000,---,136,,234647520.57
RBCO11,Lajes Corporativas,---,0,,0,0.0000,0.0000,0.0000,---,0,,340942316.6400
RBDS11,Fundo de Desenvolvimento,18.6400,2.47,91.44,0.1353,12.6300,0.0000,12.6300,---,851,,2908038.1700
RBED11,Educacional,94.0000,94,28351.38,0.9399,0.7300,1.3817,1.7600,-6.5713,10734,,0.0000
RBFF11,Fundo de Fundos,51.1600,50.59,373206.28,0.8725,1.0000,0.9983,5.3300,11.1362,24881,,220749216.6900
RBGS11,Shoppings,28.4500,28.45,,0.4459,0.6200,0.0000,0.6200,-1.2883,8102,,97865283.7100
RBHG11,Papéis,69.4900,67.67,222711.94,0.7948,1.1500,1.1758,6.0300,-0.9365,9764,,187203521.7000
RBHY11,Papéis,81.7000,79.85,302209.67,0.8624,1.2900,1.3017,6.7800,12.3572,3261,,174914702.9600
RBIF11,Outros,74.1600,73.99,202461.28,0,1.2400,1.1275,6.6800,10.9294,0,,0
RBIR11,Fundo de Desenvolvimento,81.5000,84.48,141120.78,0.9101,1.2300,0.9733,5.9600,12.4332,1565,,142341550.09
RBLG11,Imóveis Industriais e Logísticos,46.0000,46,147.56,0.6746,0.9800,0.9058,5.3800,-21.1693,254,,43657617.4900
RBOP11,Lajes Corporativas,361.5400,187.86,13876.22,0.2616,0.9700,0.4908,16.7100,101.3261,3301,,69962120.41
RBRD11,Varejo,41.0500,40.55,48267,0.6328,1.2200,1.2258,7.0400,32.4774,7751,,119924979.5900
RBRF11,Fundo de Fundos,6.4300,7.08,1889133.72,0.8517,0.9300,1.0625,4.6100,15.2639,122865,,1153137697.0700
RBRI11,Fundo de Desenvolvimento,938.5000,923,2533.39,1.1323,6.4500,3.6267,23.4000,75.0733,115,,113853147.88
RBRL11,Imóveis Industriais e Logísticos,73.0800,78.92,482199.17,0.7465,1.0400,1.0433,4.5500,18.9334,13769,,705294997.1900
RBRM11,Fundo de Desenvolvimento,---,94794.81,,17.8791,0.0000,0.0000,0.0000,---,54,,2860101.93
RBRP11,Lajes Corporativas,44.3400,48.5,1166214.22,0.6534,0.9000,1.0900,4.0100,-3.9249,70262,,915122226.1100
RBRR11,Papéis,81.8000,84.7,2272426.67,0.9541,1.1600,1.0800,4.6100,12.7836,122583,,1361748295.7000
RBRS11,Fundo de Desenvolvimento,35.8400,39,18541.17,0.4057,0.2000,0.8300,0.8300,-27.8963,1046,,166702415.6100
RBRX11,Outros,7.8900,8.06,429299.78,0.8421,1.0100,1.1250,4.2800,19.4941,12650,,281844900.18
RBRY11,Papéis,90.9900,94.12,2267287.11,0.9724,1.1500,1.1342,4.7700,25.3560,60170,,1231799238.8200
RBTS11,Fundo de Desenvolvimento,439.0000,304,715,0.7853,12.6900,10.2725,26.5400,35.6667,141,,25074204.4900
RBVA11,Varejo,88.0000,86.98,1725124.17,0.8174,1.0200,1.0600,5.5200,3.3874,69186,,1663562818.8200
RBVO11,Papéis,5.3200,5.32,1143.43,0.9517,106.3000,9.7367,168.1300,146.5693,6943,,0.0000
RCFF11,Fundo de Fundos,98.0000,101,15173.78,0.9962,5.4100,3.8122,5.4100,53.7687,127,,31932100.4800
RCRB11,Lajes Corporativas,121.6100,130.88,1858476.61,0.6612,0.7200,0.7525,2.8800,11.0868,30414,,741458792.0900
RDCI11,Outros,---,0,,0,0.0000,0.0000,0.0000,---,114,,217786268.4
RDPD11,Papéis,22.7700,22.96,98337.21,1.0555,1.3200,4.0742,29.4500,-0.4671,3141,,36596919.0000
RECD11,Papéis,9.4000,9.9,591.06,1.0102,1.4400,1.4780,5.6800,-3.1538,185,,53462571.16
RECM11,Papéis,9.0000,8.62,41178.22,0.9577,1.2200,1.4350,4.8500,5.6431,628,,81478897.04
RECR11,Papéis,80.8200,85.2,2547911.28,0.9649,1.4200,1.2792,5.6400,26.5366,166836,,2349303928.7700
RECT11,Lajes Corporativas,31.7400,32.36,280986.5,0.3591,1.0400,1.2058,4.8500,26.3563,54217,,776500216.7800
RECX11,Fundo de Fundos,67.9900,67.99,2656.22,0.9381,18.1900,3.2792,24.8200,28.1791,577,,16087023.3700
REIT11,Papéis,90.0600,85,101.67,0.2912,2.7600,0.4333,2.7600,-3.3062,66,,7673546.11
RELG11,Imóveis Industriais e Logísticos,66.3000,68.5,582567.17,0.6149,1.0300,0.5900,4.7700,30.8720,4286,,148781695.2200
RENV11,Serviços Financeiros Diversos,6.2500,7.16,4037.67,0.774,0.3400,0.9225,0.3400,-35.1474,506,,9540245.58
RFOF11,Fundo de Fundos,60.7800,59.75,280433.72,0.8642,1.0700,1.1217,5.7100,10.1553,4269,,74846720.0700
RIFF11,Outros,7.4000,7.47,253595.56,0,1.2700,0.7064,5.1700,11.6069,0,,0
RINV11,Outros,99.7500,103.65,386392.06,1.0212,1.0500,1.1533,4.4300,11.7047,3834,,334796739.2
RMAI11,Lajes Corporativas,69.0800,69.98,108824.33,0.6538,0.7800,0.6658,4.0200,-0.5892,1078,,261656578.8200
RNDP11,Papéis,40.5200,40.5,6575.11,1.0055,99.6700,13.0667,145.4000,309.7228,1292,,4329855.9600
RNGO11,Lajes Corporativas,45.6600,45.66,61280.22,0.5449,0.8300,0.8758,4.4200,13.5781,8143,,224255298.3100
ROOF11,Fundo de Desenvolvimento,689.7700,689.77,727,1.6331,1.3100,1.6342,15.9000,16.0911,79,,32732463.39
RPRI11,Papéis,89.4000,87.65,306394.44,0.904,1.3400,1.2292,6.4000,16.3673,4093,,339651658.75
RRCI11,Papéis,73.7500,72.36,12724.94,0.8075,1.1500,1.2292,6.1300,21.6561,1841,,42953210.8300
RSPD11,Fundo de Desenvolvimento,999.0000,989,74346.56,1.0207,2.0200,0.6133,5.4600,-0.5102,137,,168368776.6900
RURA11,Outros,8.0900,8,1856412,0.7792,1.2400,1.0508,5.3100,14.6339,86525,,1630914765.4100
RVBI11,Fundo de Fundos,61.6100,67.81,892554.06,0.9077,1.1400,1.1558,4.8000,11.8009,52842,,772748277.7300
RZAG11,Outros,8.8900,8.73,1169235.83,0.9065,1.4100,1.4358,7.3300,29.0285,79212,,655314354.0200
RZAK11,Papéis,81.8100,82.31,1598757.22,0.95,1.4100,1.5333,7.0300,28.8751,44758,,763142665.1900
RZAT11,Imóveis Industriais e Logísticos,88.9500,88.98,622272.06,0.8723,1.2400,1.2325,5.0700,21.1425,35915,,430643991.43
RZEO11,Outros,237.7800,193,24.3,0.9533,19.4700,10.9800,19.4700,48.3579,152,,631290127.5300
RZLC11,Papéis,1009.0000,1011.95,775532.61,1.0229,1.0300,1.2200,4.2800,9.7050,1,,49466588.67
RZTR11,Misto,90.9300,91.19,4290630.83,0.9527,1.1500,1.1658,6.2300,15.3700,138950,,1808937298.9200
RZZR11,Imóveis Industriais e Logísticos,141.0000,140.5,14070.61,0.8428,0.8300,0.6108,3.4700,-0.7030,440,,832317141.11
SADI11,Papéis,8.7600,8.7,202097.67,0.8942,1.1400,1.0950,5.7300,14.0662,10842,,149324102.2700
SAPI11,Misto,8.6600,8.48,115372.33,0.8592,1.2700,1.1683,6.5200,19.8384,2850,,152298556.41
SARE11,Misto,4.7700,4.63,942889.78,0.5852,0.5500,0.6058,3.0000,37.2856,30361,,725840041.1300
SCPF11,Shoppings,4.2100,2.27,4666.61,0.2326,1.0700,0.0000,1.4600,-11.7429,4609,,49708086.7700
SDIL11,Imóveis Industriais e Logísticos,98.9800,96.5,1030917.86,1.0144,0.7600,0.8558,6.1200,10.5144,63292,,628810333.3800
SEED11,Outros,93.0000,93,202.17,1.0198,1.1200,0.6733,5.8900,-1.5148,129,,149556167.52
SEQR11,Misto,46.1000,49.45,84860.78,0.5317,1.2600,1.2308,5.0000,4.3026,4846,,155833626.9300
SHOP11,Shoppings,---,23.51,63173.83,0.6725,0.0000,0.0000,0.0000,---,65,,69657651.22
SHPH11,Shoppings,907.0200,890,67555.17,0.8935,0.5800,0.5800,2.9000,17.0726,2139,,618143895.6100
SHSO11,Outros,---,0,,0,0.0000,0.0000,0.0000,---,8102,,118155565.38
SIGR11,Outros,---,99.9,44.44,1.0227,0.0000,0.0000,1.3200,---,7825,,195840861.9
SJAU11,Imóveis Industriais e Logísticos,18.2100,27.46,14561.94,0.4648,185.8800,185.8800,185.8800,---,243,,426697623.88
SMRE11,Incorporações,89.8000,83,330450.83,0.8192,1.1400,1.2527,5.6900,0.3879,1693,,95753428.24
SNAG11,Papéis,9.6200,9.66,1216829.06,0.9594,1.1400,1.1325,4.8000,9.3189,111866,,613079249.0800
SNCI11,Papéis,88.0900,91.1,430832,0.9423,1.1400,1.1700,4.7300,18.4948,38520,,405387881.4800
SNEL11,Fundo de Desenvolvimento,8.6000,8.64,598405.94,1.0667,1.1600,1.2283,4.6900,6.8860,27730,,310809172.74
SNFF11,Fundo de Fundos,69.5100,73.3,804728.89,0.8866,1.0400,1.1008,4.0800,-2.9629,28603,,333019613.2000
SNFZ11,Misto,9.7700,9.8,46569.17,0.9858,0.6700,0.6871,2.5300,4.4790,3721,,60958916.2500
SNID11,Outros,9.9500,9.9,108995.11,0,1.1100,1.1092,4.5600,17.1151,0,,0
SNLG11,Imóveis Industriais e Logísticos,0.0100,1.01,156388.83,0.8694,8400.0000,758.5575,8496.7700,457.5150,3730,,65477185.63
SNME11,Outros,9.6400,9.7,34563.44,1.0298,1.1400,1.1767,4.9100,9.3100,3754,,69759365
SOLR11,Imóveis Comerciais - Outros,---,1051.35,4931882,1.1175,0.0000,0.0000,0.0000,---,50,,60649867.14
SPDE11,Outros,1266.6700,1266.67,2533.3,1.0416,0.4600,1.9214,5.9100,14.1862,120,,111144871.09
SPMO11,Outros,---,144,335334,1.0694,0.0000,0.0000,0.0000,---,14,,243970490.67
SPTW11,Lajes Corporativas,34.7000,34.05,48098.89,0.5831,1.2100,1.2017,6.5000,10.5911,20507,,104990842.2500
SPVJ11,Shoppings,---,0,,0,0.0000,0.0000,0.0000,---,25,,225992182.2500
SPXS11,Outros,8.3400,8.86,368101.44,0.9569,1.1400,1.1858,4.8500,9.2621,19694,,187573765.53
SRVD11,Outros,8.7500,3,233.91,5.5556,2.2900,0.0000,3.3000,-7.7281,106,,114131701.2300
STRX11,Fundo de Desenvolvimento,158.9000,158.9,1120,1.12,0.6000,0.3492,2.7600,2.3077,109,,228908886.0700
TCPF11,Misto,---,39.53,,0.3913,0.0000,0.0000,0.0000,---,52,,30034078.52
TELM11,Outros,9.9900,9.99,23451,1.0183,1.0000,1.1025,3.7100,3.6577,106,,21074797.54
TEPP11,Lajes Corporativas,88.4700,86.84,465040.72,0.9121,1.0700,1.0917,5.5200,19.0453,28705,,409172279.3700
TGAR11,Fundo de Desenvolvimento,89.9000,86,3824282.22,0.7809,1.1100,1.1850,6.0700,3.8508,162156,,2667676366.5800
TJKB11,Outros,254.1200,255.03,62938.5,0.9736,1.1400,0.8583,3.6700,-2.3813,228,,263516547.26
TMPS11,Fundo de Fundos,82.0000,81.05,268014.94,0.8671,1.0000,1.3092,6.3900,13.5998,2007,,90314854.26
TOPP11,Imóveis Comerciais - Outros,70.1600,75.43,469593.5,0.7568,1.2000,1.1750,4.8700,12.4613,4810,,445025084.4
TORD11,Misto,0.8600,0.62,26830.89,0.1066,0.5700,0.5700,0.5700,-84.1593,70061,,488775081.2500
TRBL11,Imóveis Industriais e Logísticos,64.9700,60.2,427998.33,0.6591,0.8900,0.9433,4.7900,0.4455,51988,,738556983.79
TRNT11,Lajes Corporativas,112.6800,94,13694.94,0.5381,0.0600,0.0600,0.7100,---,559,,777840917.5300
TRXB11,Fundo de Desenvolvimento,123.9600,127.97,7781857.22,1.1819,0.8100,1.4725,8.6900,12.0143,427,,361637752.25
TRXF11,Imóveis Comerciais - Outros,104.2000,101.45,7365491.61,1.0317,0.8900,1.0925,6.2500,14.6611,184018,,2028989060.8600
TRXY11,Outros,9.4500,9.46,552840.39,1,1.1600,1.6000,6.4000,5.2264,517,,33515353.68
TSER11,Lajes Corporativas,101.0000,102,10.1,1.0141,0.9800,0.7350,4.9700,6.1205,21,,137921364.67
TVRI11,Agências de Bancos,89.4900,89.12,1272581.94,0.8741,1.1500,1.1192,5.9400,11.7522,63030,,1613512314.92
URHF11,Outros,90.0000,90,2039.56,0.9449,1.4400,1.6422,7.3500,3.8647,1,,10517411.6
URPR11,Papéis,54.3900,48.86,1437043.11,0.5159,1.2700,1.4067,7.1600,2.8664,73754,,1166791783.3300
VANG11,Outros,98.8700,98.87,31681.35,0,1.0100,0.9886,3.9700,2.1593,0,,0
VCJR11,Papéis,85.9900,84.64,1356927.94,0.9104,1.7400,1.1808,6.9400,19.5031,31687,,1365044634.3000
VCRA11,Outros,69.0000,67.71,695208.5,0.6644,1.4500,1.5483,8.0000,20.3662,10935,,474711168.3900
VCRI11,Papéis,7.2700,7.14,140628.22,0.7572,1.3800,1.2717,6.4100,11.0043,10470,,166224347.3900
VCRR11,Imóveis Residenciais,60.4800,60.98,218386.67,0.4703,0.8300,0.9558,4.5300,5.0818,3912,,255218435.1900
VGHF11,Misto,7.7800,7.58,2916674.56,0.9088,1.1600,1.1750,6.1400,12.2057,1,,1390902704.2100
VGIA11,Outros,8.5900,8.91,1617741.72,0.9294,1.3400,1.4958,5.7400,25.0863,168730,,832994031.8800
VGII11,Tecidos. Vestuário e Calçados,90.4700,101.41,369002,1.105,5.3300,0.8025,5.3300,5.3300,3,,47616218.78
VGIP11,Papéis,78.5400,83.83,1316953.22,0.9459,0.9200,1.0992,4.4300,20.0839,85070,,1046074766.2800
VGIR11,Papéis,9.3700,9.5,8111822.17,0.9672,1.2800,1.2117,4.9600,19.0262,248586,,1423918121.4600
VGRI11,Misto,8.0500,7.83,573766.22,0.736,1.4900,1.9033,9.5100,18.5656,12026,,368798857.47
VIDS11,Fundo de Desenvolvimento,---,915.64,,1.0192,0.0000,0.0000,0.0000,---,199,,84989327.68
VIFI11,Fundo de Fundos,6.9600,6.96,30.26,0.8733,1.0100,0.8242,3.0000,5.1450,5521,,64507809.2400
VIGT11,Outros,34.8600,35.7,325239.39,0,0.4300,0.6700,1.6500,-37.7390,0,,0
VILG11,Imóveis Industriais e Logísticos,88.1600,86.08,1673256.06,0.7666,0.7700,0.8150,4.2500,24.1844,146948,,1690328197.7200
VINO11,Lajes Corporativas,5.2200,5.03,589633.39,0.4995,0.9600,0.9867,5.1000,15.6148,150897,,852283536.0700
VISC11,Shoppings,107.2700,103.2,3842378.33,0.8354,0.7500,0.8133,4.0500,19.7570,345960,,3593464259.5700
VIUR11,Misto,5.7300,5.66,183886.94,0.6459,1.1700,1.2092,6.3000,10.7113,46647,,237334327.6600
VJFD11,Papéis,155.0200,155.02,3889.59,0.9467,0.4800,0.2817,2.4200,2.4435,98,,798414875.9100
VLIQ11,Outros,---,0,,0,0.0000,0.0000,0.0000,---,8102,,118155565.38
VLOL11,Lajes Corporativas,---,98,160238.13,1.5358,0.0000,0.0000,1.9900,---,8102,,198219080.1500
VOTS11,Papéis,75.5800,72,5284.06,0.7765,0.7900,0.9642,4.6500,13.4087,631,,78321826.8100
VPPR11,Lajes Corporativas,13.1300,13.1,336848.67,0.329,0.5300,0.2875,0.5300,-10.2679,40224,,291355856.56
VRTA11,Papéis,84.0100,82.04,1321077.83,0.9477,1.0100,1.0650,5.3800,16.4932,114786,,1361249999.9900
VRTM11,Misto,7.2500,7.02,452571.17,0.7637,1.2400,1.2100,6.7800,13.5439,11795,,437503419.01
VSEC11,Papéis,---,0.21,2.5,0.0033,0.0000,0.0000,138.0000,---,8102,,118155565.38
VSHO11,Shoppings,70.9900,70.55,43187.89,0.6796,0.8500,0.9692,4.8600,13.4577,3388,,218330777.4000
VSLH11,Papéis,2.7500,2.69,143242.22,0.2699,1.0900,1.2125,4.2600,-8.9195,71833,,296531788.5000
VTLT11,Imóveis Industriais e Logísticos,88.9800,88.53,72687.22,0.8386,1.0900,1.1108,5.7700,10.4347,5886,,221797370.6700
VTPL11,Papéis,---,72.1,1273.17,0.7156,0.0000,0.0000,0.0000,---,124,,139680292.81
VVCO11,Lajes Corporativas,---,13.87,1679526.33,0.9592,0.0000,0.0000,0.0000,---,2814,,143267437.61
VVCR11,Papéis,9.9400,10.11,5458.33,0.9798,1.1100,1.0167,4.7100,16.5157,2270,,77976201.07
VVMR11,Lajes Corporativas,80.8700,81.89,1045361.44,0.7624,0.1600,0.6475,0.5400,-10.6511,673,,312454335.77
VVPR11,Misto,99.9000,101.5,1249061.55,1.5907,0.8900,0.0000,7.4500,14.4394,8102,,226032234.1800
VVRI11,Outros,74.5100,85,153443.72,0.8919,0.6600,0.7908,2.7800,-20.0582,174,,76493456.88
VXXV11,Fundo de Desenvolvimento,---,700,1666661.11,1.0144,0.0000,0.0000,0.0000,---,14,,190773006.24
WPLZ11,Shoppings,49.5400,49.01,8401.28,0.7344,0.6500,0.6417,3.2200,-1.7556,1631,,76967519.2000
WSEC11,Outros,6.9200,6.77,3993.83,0.6641,23.5300,3.3508,29.8600,60.2524,549,,25235325.88
WTSP11B,Misto,56.9500,36,3852,0.6769,0.0900,2.2658,0.8100,---,210,,104295912.9400
XPCA11,Outros,7.6000,7.54,787795.67,0.7897,1.4500,1.1458,6.0200,35.5989,98553,,432738486.5000
XPCI11,Papéis,80.4000,79.44,1445624.28,0.9016,1.1200,1.1033,5.6300,14.4563,68302,,761623126.3700
XPCM11,Lajes Corporativas,10.2200,7,11342.67,0.258,0.2000,0.0000,0.2000,-0.6747,18410,,70109502.2400
XPHT11,Hotéis,43.4900,123,230869.59,0.6577,0.9300,0.8425,10.1100,15.3653,1268,,581976733.7300
XPID11,Outros,56.6400,56.74,190238.39,0,1.0600,1.1825,6.0900,3.1086,0,,0
XPIE11,Outros,61.8400,60.1,1622166.67,0,1.6200,1.4558,8.2400,15.0263,0,,0
XPIN11,Imóveis Industriais e Logísticos,67.5400,71.89,330169.11,0.7012,1.1000,1.0283,4.5000,12.4518,44611,,741554183.5000
XPLG11,Imóveis Industriais e Logísticos,101.4000,98.79,3030666.78,0.9375,0.8100,0.8475,4.3500,17.6014,341920,,3328715642.1700
XPML11,Shoppings,103.7800,106.01,11558178.89,0.9118,0.8900,0.9233,3.7900,15.9560,588620,,6648002647.4600
XPPR11,Lajes Corporativas,13.1000,12.54,78639.38,0.2067,0.5300,0.3650,0.5300,-8.5456,42867,,443953188.5100
XPSF11,Fundo de Fundos,6.3800,6.23,444053.28,0.8385,0.9400,1.0525,5.3200,9.1997,62683,,324337448.8200
XTED11,Lajes Corporativas,---,8.82,17641.88,0.6771,---,---,---,---,4098,,50230589.4700
YUFI11,Fundo de Desenvolvimento,59.5000,59.5,5.17,0.5606,0.2900,0.3025,2.7900,-29.8581,56,,52291233.19
YUFI11B,Outros,0.0000,0,,0,0.0000,0.0000,---,0.0000,0,,41701052.9800
ZAGH11,Serviços Financeiros Diversos,10.1400,10.37,1083.94,1.1418,0.6900,0.5650,2.8100,-16.9743,408,,80888876.47
ZAVC11,Outros,---,8.48,54011.11,0.8205,0.0000,1.2417,0.0000,---,195,,30880981.49
ZAVI11,Outros,93.0300,93.6,77147.78,0.7134,1.2600,1.1767,6.1900,0.9309,3332,,153693067.63
ZIFI11,Fundo de Desenvolvimento,---,600,2812.5,0.3384,0.0000,0.0000,0.0000,---,94,,84201982.63
